Month/Year,Tmax (oC),Tmin (oC),AirFrost (Days),Rain (mm),Sun (Hours),Notes
Jan/1959,4,-2.00,25.00,40.90,54.10,
Feb/1959,6.6,2.10,10.00,41.80,17.80,
Mar/1959,10.6,4.20,0.00,50.90,85.70,
Apr/1959,13,5.20,0.00,76.30,125.10,
May/1959,18.1,7.90,0.00,24.00,222.00,
Jun/1959,18.1,10.30,0.00,81.60,187.30,
Jul/1959,19.6,12.30,0.00,113.70,157.30,
Aug/1959,20.3,12.60,0.00,14.70,165.20,
Sep/1959,18.3,9.70,0.00,26.50,137.50,
Oct/1959,15.2,8.70,0.00,140.70,105.50,
Nov/1959,9.3,4.90,2.00,129.70,37.40,
Dec/1959,7.4,2.90,3.00,199.80,13.50,
Jan/1960,6.1,0.80,11.00,101.10,43.50,
Feb/1960,5.8,0.00,16.00,107.20,84.40,
Mar/1960,8.9,3.50,1.00,57.00,77.80,
Apr/1960,14,6.00,0.00,107.70,154.10
May/1960,17.8,8.20,0.00,66.60,189.50
Jun/1960,21,11.30,0.00,63.90,244.20
Jul/1960,18.8,11.50,0.00,90.50,148.80
Aug/1960,19.4,11.00,0.00,86.50,180.20
Sep/1960,16.7,8.70,0.00,79.00,152.10
Oct/1960,12.6,7.70,0.00,78.70,54.90
Nov/1960,8.9,3.50,3.00,145.60,62.60
Dec/1960,5.6,0.80,12.00,142.70,29.10
Jan/1961,5.9,0.30,12.00,100.10,35.50
Feb/1961,9,4.40,1.00,127.60,52.60
Mar/1961,11.6,5.70,0.00,60.80,95.40
Apr/1961,12.4,5.80,2.00,95.70,96.50
May/1961,15.9,7.30,0.00,52.30,185.30
Jun/1961,17.3,9.70,0.00,37.00,153.50
Jul/1961,18.1,10.40,0.00,69.30,150.30
Aug/1961,18.4,11.20,0.00,146.20,160.40
Sep/1961,17.4,10.70,0.00,155.20,108.40
Oct/1961,13.5,7.50,0.00,149.90,103.30
Nov/1961,8.1,2.90,7.00,113.80,48.60
Dec/1961,4.2,-0.50,17.00,121.50,19.10
Jan/1962,6.7,1.60,6.00,220.10,37.40
Feb/1962,7.2,2.40,2.00,103.60,64.20
Mar/1962,7.5,0.00,14.00,38.40,104.70
Apr/1962,12.8,3.20,4.00,72.40,197.10
May/1962,15.8,7.00,2.00,62.40,198.80
Jun/1962,18.3,8.50,0.00,53.20,192.80
Jul/1962,17.9,9.90,0.00,76.70,137.80
Aug/1962,17.2,10.10,0.00,136.50,142.00
Sep/1962,14.8,9.10,0.00,181.80,74.10
Oct/1962,13.3,8.20,0.00,60.50,83.30
Nov/1962,7.8,3.20,7.00,68.30,27.00
Dec/1962,5.9,0.50,12.00,114.00,34.40
Jan/1963,2.5,-2.70,22.00,18.10,46.90
Feb/1963,3.9,-2.90,22.00,13.20,70.50
Mar/1963,9.8,2.80,6.00,153.00,85.70
Apr/1963,11.6,4.80,1.00,61.50,110.60
May/1963,14,6.40,0.00,95.70,193.50
Jun/1963,18.5,10.80,0.00,62.00,172.90
Jul/1963,18,10.70,0.00,80.20,151.20
Aug/1963,17.1,10.70,0.00,86.50,88.10
Sep/1963,15.8,9.20,0.00,90.00,128.40
Oct/1963,13.2,7.50,0.00,127.10,76.80
Nov/1963,8.5,3.70,6.00,191.60,34.90
Dec/1963,5.8,1.30,12.00,50.90,25.80
Jan/1964,6.8,2.50,7.00,61.90,21.80
Feb/1964,7.2,2.30,5.00,30.40,59.70
Mar/1964,7.4,2.20,3.00,55.40,57.70
Apr/1964,12.1,5.40,0.00,77.30,101.30
May/1964,16,8.70,0.00,85.80,167.70
Jun/1964,17.5,9.60,0.00,68.00,163.50
Jul/1964,17.9,11.50,0.00,58.00,126.70
Aug/1964,17.6,10.90,0.00,146.30,121.90
Sep/1964,16.4,9.40,0.00,131.50,132.90
Oct/1964,11.8,5.70,0.00,67.40,74.00
Nov/1964,8.8,3.80,3.00,95.60,31.30
Dec/1964,6,1.20,7.00,154.30,34.80
Jan/1965,5.1,0.60,13.00,127.20,54.20
Feb/1965,6.7,0.40,11.00,24.00,61.70
Mar/1965,8,1.20,9.00,68.50,99.50
Apr/1965,12,4.30,1.00,74.80,145.90
May/1965,14.8,7.60,0.00,86.30,134.50
Jun/1965,17.9,10.40,0.00,102.60,160.20
Jul/1965,16.8,9.60,0.00,98.20,147.30
Aug/1965,17.5,10.00,0.00,107.70,136.60
Sep/1965,15,9.20,0.00,144.20,70.50
Oct/1965,12.2,7.10,0.00,126.20,53.30
Nov/1965,6.2,1.40,13.00,55.00,68.50
Dec/1965,5.7,1.30,7.00,138.90,47.10
Jan/1966,4.7,1.10,12.00,71.90,22.80
Feb/1966,5.7,1.60,8.00,131.20,24.50
Mar/1966,9.9,4.20,1.00,92.90,128.60
Apr/1966,8.3,3.10,5.00,79.60,105.10
May/1966,15,6.70,0.00,87.90,208.20
Jun/1966,17.4,11.20,0.00,111.70,82.00
Jul/1966,18.5,10.90,0.00,33.60,195.30
Aug/1966,17.6,10.10,0.00,104.80,144.70
Sep/1966,16,10.70,0.00,115.70,94.70
Oct/1966,12,5.60,1.00,82.60,81.70
Nov/1966,7.5,2.30,6.00,99.90,58.90
Dec/1966,6.2,2.10,6.00,174.50,32.10
Jan/1967,6.3,2.60,10.00,90.90,51.40
Feb/1967,7.5,3.10,4.00,132.30,64.70
Mar/1967,9.1,3.70,1.00,138.60,108.10
Apr/1967,11.9,4.30,1.00,47.40,156.00
May/1967,13.2,6.30,0.00,121.20,129.70
Jun/1967,18.4,9.70,0.00,38.30,219.00
Jul/1967,17.5,11.20,0.00,77.60,124.50
Aug/1967,18.4,11.30,0.00,69.10,147.80
Sep/1967,16.5,9.80,0.00,108.70,101.10
Oct/1967,11.9,6.70,0.00,256.90,111.80
Nov/1967,8.3,3.30,0.00,82.00,46.70
Dec/1967,7.1,2.60,11.00,59.00,64.60
Jan/1968,6.5,2.20,10.00,89.30,38.80
Feb/1968,4.2,-0.80,16.00,69.30,56.60
Mar/1968,9.3,3.00,1.00,126.40,103.90
Apr/1968,12.3,4.10,4.00,53.70,157.10
May/1968,13.3,5.50,0.00,123.80,137.00
Jun/1968,19.3,10.10,0.00,27.60,202.20
Jul/1968,18.2,11.00,0.00,82.40,98.70
Aug/1968,19.1,11.20,0.00,69.60,156.40
Sep/1968,16,9.60,0.00,140.40,87.40
Oct/1968,13.5,8.90,0.00,161.90,64.00
Nov/1968,7.9,3.10,7.00,92.80,33.30
Dec/1968,5.8,1.00,13.00,46.40,22.10
Jan/1969,6.8,2.80,4.00,103.00,25.00
Feb/1969,4.1,-1.10,15.00,41.50,55.80
Mar/1969,6,0.00,14.00,20.00,68.70
Apr/1969,11.8,3.10,2.00,39.50,150.70
May/1969,14.2,6.60,0.00,112.30,121.30
Jun/1969,18.6,9.60,0.00,70.90,199.70
Jul/1969,19.5,11.80,0.00,54.10,161.20
Aug/1969,20.1,12.30,0.00,57.60,169.60
Sep/1969,16.2,10.00,0.00,72.90,108.80
Oct/1969,14.9,9.70,0.00,61.80,71.20
Nov/1969,6.6,0.90,13.00,146.00,44.30
Dec/1969,5.7,1.00,11.00,102.50,26.40
Jan/1970,5.5,0.90,9.00,100.10,23.60
Feb/1970,5.7,-0.90,15.00,114.20,109.40
Mar/1970,8.5,1.20,9.00,48.40,135.10
Apr/1970,10.8,2.70,5.00,83.90,123.90
May/1970,15.5,8.20,0.00,37.80,110.90
Jun/1970,20.1,11.10,0.00,56.30,188.20
Jul/1970,17.1,10.20,0.00,69.30,108.50
Aug/1970,19.6,11.70,0.00,89.70,142.70
Sep/1970,15.8,9.80,0.00,129.20,80.00
Oct/1970,12.3,6.90,0.00,151.50,76.70
Nov/1970,8.6,4.00,1.00,166.30,37.60
Dec/1970,7,2.60,6.00,65.50,39.10
Jan/1971,6.6,2.60,8.00,100.10,22.70
Feb/1971,7.7,3.30,4.00,105.80,44.30
Mar/1971,9.3,2.50,6.00,39.90,78.20
Apr/1971,12.4,4.20,0.00,38.00,132.70
May/1971,15.4,7.40,0.00,48.90,198.10
Jun/1971,16.1,8.70,0.00,31.10,164.10
Jul/1971,19.8,11.60,0.00,94.10,194.80
Aug/1971,17.9,11.60,0.00,98.50,97.80
Sep/1971,17.8,10.20,0.00,24.70,125.50
Oct/1971,14,7.70,2.00,137.30,84.50
Nov/1971,9.1,3.70,6.00,78.60,48.20
Dec/1971,9.6,5.60,1.00,90.50,14.50
Jan/1972,6.1,2.30,5.00,105.90,25.20
Feb/1972,6.8,2.10,3.00,56.10,35.30
Mar/1972,9.2,2.70,1.00,47.50,80.30
Apr/1972,12.9,5.20,0.00,122.10,138.20
May/1972,14.6,7.40,0.00,122.20,113.10
Jun/1972,15.5,8.10,0.00,103.10,170.80
Jul/1972,19.7,11.50,0.00,45.90,175.90
Aug/1972,18.3,10.60,0.00,48.60,155.40
Sep/1972,16.5,7.80,0.00,11.40,140.80
Oct/1972,14,6.80,0.00,32.90,82.00
Nov/1972,8.4,2.60,8.00,134.30,55.70
Dec/1972,8.1,3.10,4.00,128.10,16.10
Jan/1973,6.6,3.00,4.00,111.30,14.90
Feb/1973,6.9,1.30,11.00,80.20,69.60
Mar/1973,10.3,3.40,4.00,53.20,110.80
Apr/1973,11.7,3.20,4.00,65.50,160.90
May/1973,14.2,6.60,0.00,77.40,128.90
Jun/1973,18.4,10.00,0.00,63.60,157.10
Jul/1973,20,11.80,0.00,66.70,159.50
Aug/1973,18.7,11.80,0.00,65.60,133.60
Sep/1973,16.5,9.80,0.00,68.50,107.10
Oct/1973,12.3,5.90,1.00,46.00,86.00
Nov/1973,8.2,2.70,7.00,119.10,57.90
Dec/1973,6.8,1.60,9.00,143.50,30.70
Jan/1974,8.3,3.70,1.00,218.80,24.70
Feb/1974,8,3.20,1.00,65.00,46.30
Mar/1974,8.3,2.70,3.00,50.50,72.30
Apr/1974,14.1,4.20,0.00,4.80,175.90
May/1974,15.3,7.50,0.00,51.00,175.00
Jun/1974,18.3,9.70,0.00,36.80,226.50
Jul/1974,17.2,11.10,0.00,68.90,156.90
Aug/1974,18.4,11.30,0.00,73.50,149.20
Sep/1974,14.3,8.40,1.00,120.00,108.50
Oct/1974,11.3,5.00,0.00,35.00,96.90
Nov/1974,8.4,3.40,4.00,148.40,44.60
Dec/1974,9.1,4.70,1.00,181.10,29.90
Jan/1975,8.1,2.90,4.00,232.80,14.10
Feb/1975,6.9,2.20,6.00,58.90,55.10
Mar/1975,8.6,1.70,4.00,37.10,112.90
Apr/1975,11.9,5.20,1.00,64.20,124.60
May/1975,15,5.50,0.00,18.40,250.60
Jun/1975,19.3,9.80,0.00,53.30,230.10
Jul/1975,19.8,12.60,0.00,52.70,159.30
Aug/1975,21.7,13.80,0.00,44.00,159.80
Sep/1975,15.3,8.50,0.00,190.70,108.30
Oct/1975,12.8,7.50,0.00,107.60,54.20
Nov/1975,8.9,3.10,5.00,121.40,53.20
Dec/1975,8.7,3.70,4.00,43.70,43.10
Jan/1976,7.9,3.10,3.00,131.70,39.10
Feb/1976,7.4,2.90,2.00,74.60,29.70
Mar/1976,7.9,1.80,6.00,118.00,78.70
Apr/1976,12.1,5.10,0.00,63.20,115.30
May/1976,14.3,7.70,0.00,126.90,129.50
Jun/1976,19,11.50,0.00,38.20,162.60
Jul/1976,21.7,13.40,0.00,42.30,201.00
Aug/1976,22.1,11.50,0.00,9.00,208.70
Sep/1976,16,10.10,0.00,74.80,98.90
Oct/1976,12.5,7.20,0.00,123.20,69.60
Nov/1976,8.6,3.20,6.00,123.60,50.60
Dec/1976,3.8,-0.70,14.00,81.30,51.30
Jan/1977,4.8,-0.20,15.00,81.40,52.40
Feb/1977,6,1.00,10.00,128.80,63.10
Mar/1977,9.5,3.60,3.00,122.90,69.20
Apr/1977,10.5,3.90,3.00,84.50,144.70
May/1977,15.4,6.20,0.00,50.00,209.70
Jun/1977,18.2,9.10,0.00,38.70,209.30
Jul/1977,21.1,12.10,0.00,48.30,206.70
Aug/1977,19,11.40,0.00,85.90,174.90
Sep/1977,15.3,9.30,0.00,160.20,98.10
Oct/1977,14,8.90,0.00,178.70,77.10
Nov/1977,7.4,2.50,6.00,156.10,57.90
Dec/1977,7.5,3.70,3.00,64.70,27.80
Jan/1978,5.3,0.20,14.00,121.40,46.20
Feb/1978,4.8,-0.90,15.00,77.50,73.50
Mar/1978,9.2,3.40,1.00,149.20,89.50
Apr/1978,9.8,3.70,3.00,31.10,86.70
May/1978,17.2,7.80,0.00,7.00,201.80
Jun/1978,18.3,9.80,0.00,84.70,185.30
Jul/1978,18.2,10.70,0.00,72.20,171.70
Aug/1978,17.6,11.70,0.00,106.40,87.70
Sep/1978,15.8,10.70,0.00,165.80,78.70
Oct/1978,14.1,9.20,0.00,47.00,83.40
Nov/1978,10.4,5.50,3.00,200.00,44.20
Dec/1978,5.4,1.50,8.00,99.60,15.90
Jan/1979,3.3,-2.60,24.00,96.70,44.90
Feb/1979,4.3,-1.20,16.00,14.90,72.60
Mar/1979,6.9,0.90,9.00,157.30,96.50
Apr/1979,10.7,3.80,2.00,64.80,123.60
May/1979,13.4,5.30,0.00,43.00,183.50
Jun/1979,17.9,10.40,0.00,77.10,175.10
Jul/1979,17.8,11.50,0.00,39.70,107.90
Aug/1979,17.8,10.40,0.00,134.20,147.40
Sep/1979,15.6,9.10,0.00,77.60,133.60
Oct/1979,13.2,7.70,0.00,150.00,56.00
Nov/1979,8.7,3.00,7.00,205.40,34.10
Dec/1979,6.7,2.10,9.00,177.40,38.30
Jan/1980,4.4,-0.10,12.00,69.80,31.50
Feb/1980,7,2.80,4.00,73.30,20.80
Mar/1980,7.3,1.70,8.00,74.40,80.30
Apr/1980,13.8,5.30,0.00,7.90,177.30
May/1980,17.6,6.80,0.00,22.00,250.70
Jun/1980,16.9,9.90,0.00,74.60,120.00
Jul/1980,17.8,10.60,0.00,112.30,113.90
Aug/1980,18,11.30,0.00,129.60,102.70
Sep/1980,16.3,10.80,0.00,129.00,75.90
Oct/1980,11,5.40,1.00,137.30,84.20
Nov/1980,8.8,3.80,6.00,142.90,45.00
Dec/1980,8.1,2.90,5.00,185.30,24.40
Jan/1981,7.3,1.80,12.00,89.20,35.10
Feb/1981,6.5,0.70,14.00,90.40,75.00
Mar/1981,9.6,3.20,3.00,150.20,75.50
Apr/1981,12.9,4.20,2.00,13.80,191.20
May/1981,15.5,7.50,0.00,125.90,124.40
Jun/1981,16.8,9.80,0.00,78.10,141.40
Jul/1981,18.1,11.50,0.00,82.60,144.60
Aug/1981,19.3,11.90,0.00,16.40,166.30
Sep/1981,16.8,10.10,0.00,246.80,107.10
Oct/1981,10.5,3.50,4.00,164.90,100.70
Nov/1981,10.1,4.60,0.00,148.00,43.70
Dec/1981,2.2,-3.50,21.00,30.20,29.70
Jan/1982,5.1,-0.30,10.00,118.00,30.80
Feb/1982,8,2.80,4.00,96.40,52.70
Mar/1982,9.7,2.30,2.00,153.20,113.50
Apr/1982,13.4,5.30,0.00,32.60,158.40
May/1982,15.9,6.50,1.00,81.90,197.20
Jun/1982,17.9,10.70,0.00,68.50,133.90
Jul/1982,21.3,12.40,0.00,15.70,189.20
Aug/1982,18.1,11.90,0.00,125.80,126.40
Sep/1982,15.8,9.60,0.00,160.90,104.60
Oct/1982,12.9,7.30,0.00,152.60,62.60
Nov/1982,9.3,3.90,4.00,183.50,33.40
Dec/1982,6.7,1.30,12.00,153.60,32.10
Jan/1983,8.3,3.30,1.00,205.40,24.80
Feb/1983,5.2,-0.40,15.00,47.50,60.50
Mar/1983,9.1,3.90,2.00,99.50,60.40
Apr/1983,10.5,2.90,4.00,37.40,120.50
May/1983,13.5,7.00,0.00,107.50,90.20
Jun/1983,17.1,9.70,0.00,57.60,147.70
Jul/1983,21.9,13.30,0.00,28.00,172.30
Aug/1983,21.4,12.60,0.00,34.10,173.80
Sep/1983,15.2,9.20,0.00,153.20,79.20
Oct/1983,12.3,6.80,2.00,236.20,58.30
Nov/1983,10.1,4.80,6.00,19.10,48.00
Dec/1983,8.8,3.60,3.00,148.10,28.40
Jan/1984,4.8,-0.30,12.00,192.70,31.50
Feb/1984,6.6,2.20,5.00,87.20,47.80
Mar/1984,8.2,2.80,3.00,53.00,60.00
Apr/1984,13.7,4.50,2.00,19.40,167.00
May/1984,16.8,6.80,0.00,17.40,219.40
Jun/1984,18.3,10.80,0.00,36.50,144.60
Jul/1984,22.1,12.20,0.00,12.40,219.20
Aug/1984,21.5,12.60,0.00,29.00,165.30
Sep/1984,15.4,9.40,0.00,129.70,85.00
Oct/1984,12.8,7.20,0.00,201.60,77.90
Nov/1984,9.3,4.90,3.00,191.50,35.70
Dec/1984,7.7,3.10,5.00,132.70,24.10
Jan/1985,3.8,-1.20,21.00,53.00,49.40
Feb/1985,6.2,0.20,11.00,31.30,69.30
Mar/1985,8,1.70,8.00,81.30,115.30
Apr/1985,11.9,4.70,0.00,61.50,120.90
May/1985,15.3,7.30,0.00,56.10,157.70
Jun/1985,16.6,8.90,0.00,69.50,166.30
Jul/1985,18,11.80,0.00,165.00,94.20
Aug/1985,16.8,10.70,0.00,185.70,110.70
Sep/1985,15.3,9.80,0.00,288.20,75.30
Oct/1985,13.3,7.40,0.00,54.80,89.60
Nov/1985,6.8,0.30,17.00,115.00,53.70
Dec/1985,7.5,3.10,6.00,178.20,25.80
Jan/1986,5.4,0.10,14.00,151.40,40.90
Feb/1986,3.1,-1.80,21.00,8.80,62.60
Mar/1986,8.7,2.20,5.00,163.20,116.30
Apr/1986,9.5,2.60,5.00,55.70,110.70
May/1986,13.8,7.40,0.00,165.60,142.70
Jun/1986,18.6,9.70,0.00,40.70,186.30
Jul/1986,18,11.30,0.00,87.60,110.90
Aug/1986,17.1,9.40,0.00,121.20,122.10
Sep/1986,15.3,7.60,0.00,30.90,147.60
Oct/1986,12.8,7.30,0.00,161.70,89.20
Nov/1986,10.1,4.60,4.00,205.10,50.80
Dec/1986,7.2,2.80,2.00,246.50,32.50
Jan/1987,4,-0.70,14.00,64.50,38.90
Feb/1987,7.1,0.40,11.00,81.30,65.80
Mar/1987,8.1,1.00,11.00,118.50,104.90
Apr/1987,13.1,5.60,0.00,54.90,116.30
May/1987,14.9,6.20,0.00,58.70,199.00
Jun/1987,16.3,8.70,0.00,117.40,126.10
Jul/1987,19.3,11.80,0.00,53.40,146.70
Aug/1987,18.5,10.70,0.00,106.00,143.80
Sep/1987,16,9.10,0.00,113.50,158.40
Oct/1987,11.3,4.70,4.00,150.90,84.80
Nov/1987,8.5,4.10,3.00,81.40,52.00
Dec/1987,7.6,2.10,10.00,119.70,24.70
Jan/1988,6.5,1.80,7.00,160.70,39.80
Feb/1988,7.6,2.10,1.00,111.90,77.20
Mar/1988,8.9,2.30,8.00,146.10,68.20
Apr/1988,12.1,4.30,1.00,68.10,112.50
May/1988,16,6.70,0.00,61.60,179.20
Jun/1988,20,10.50,0.00,12.60,203.80
Jul/1988,17.4,10.80,0.00,144.50,106.20
Aug/1988,18.2,11.00,0.00,138.40,126.60
Sep/1988,15.7,9.30,0.00,115.80,128.80
Oct/1988,12.4,6.30,3.00,143.90,76.50
Nov/1988,8.8,2.60,7.00,84.30,67.80
Dec/1988,9.7,5.40,0.00,95.60,26.00
Jan/1989,9.5,4.90,0.00,174.40,26.70
Feb/1989,8.1,2.30,6.00,170.70,64.90
Mar/1989,9.5,2.50,3.00,198.70,93.70
Apr/1989,10.7,3.10,5.00,52.50,139.40
May/1989,16.9,7.10,0.00,25.10,217.30
Jun/1989,18.3,9.10,0.00,76.40,179.00
Jul/1989,22.2,11.40,0.00,22.00,259.50
Aug/1989,18.1,11.30,0.00,133.90,131.00
Sep/1989,16,8.80,0.00,82.70,104.00
Oct/1989,13.6,7.70,0.00,130.60,78.80
Nov/1989,8.2,2.80,7.00,42.30,70.50
Dec/1989,4.8,-0.10,15.00,83.10,22.80
Jan/1990,8.1,3.60,0.00,252.00,33.30
Feb/1990,8.7,3.40,0.00,245.90,44.20
Mar/1990,10.6,4.90,2.00,181.00,74.80
Apr/1990,12.2,3.80,1.00,74.30,134.00
May/1990,17.2,7.80,0.00,61.70,196.50
Jun/1990,17.6,9.50,0.00,103.90,128.40
Jul/1990,20,11.50,0.00,52.50,215.20
Aug/1990,18.9,12.00,0.00,78.10,121.30
Sep/1990,15.7,8.30,0.00,65.00,129.20
Oct/1990,12.8,7.70,0.00,207.20,60.50
Nov/1990,8.4,2.50,10.00,59.00,81.80
Dec/1990,7.1,1.30,10.00,152.00,37.10
Jan/1991,5.4,0.50,11.00,149.40,37.50
Feb/1991,5.6,-0.30,15.00,63.40,67.40
Mar/1991,10.6,3.80,1.00,98.10,79.60
Apr/1991,12,4.70,1.00,129.00,144.70
May/1991,16.5,7.60,0.00,9.10,195.10
Jun/1991,16.4,8.00,0.00,96.20,165.60
Jul/1991,20.8,13.10,0.00,86.50,145.50
Aug/1991,19.6,12.60,0.00,48.80,131.00
Sep/1991,17.4,8.80,0.00,120.00,150.60
Oct/1991,12.1,6.40,0.00,102.50,64.80
Nov/1991,8.7,3.20,6.00,185.20,51.60
Dec/1991,7.8,2.20,6.00,136.40,19.20
Jan/1992,7.1,1.40,14.00,124.80,28.90
Feb/1992,8.3,2.80,4.00,173.70,51.00
Mar/1992,9.8,4.00,2.00,145.80,72.60
Apr/1992,11.4,4.70,0.00,73.50,71.90,
May/1992,17.4,8.00,0.00,84.40,192.10,
Jun/1992,19.7,11.30,0.00,29.10,171.30,
Jul/1992,18.6,11.20,0.00,72.90,130.10,
Aug/1992,17.5,10.60,0.00,171.50,140.90,
Sep/1992,14.8,9.00,0.00,161.80,90.50,
Oct/1992,10.4,2.90,4.00,78.50,102.70,
Nov/1992,9.2,2.80,6.00,183.30,36.30,
Dec/1992,6.2,1.10,11.00,94.80,18.10,
Jan/1993,7.8,1.70,7.00,277.50,27.80,
Feb/1993,8.8,3.40,4.00,21.00,36.90,
Mar/1993,9.7,2.50,7.00,109.40,92.60,
Apr/1993,12.5,4.50,1.00,118.60,97.80,
May/1993,15,6.00,0.00,96.50,129.80,
Jun/1993,18,14.30,0.00,42.60,99.50,Air Frost and Tmin estimated
Jul/1993,17.4,14.00,0.00,62.90,112.00,Air Frost and Tmin estimated
Aug/1993,18,9.10,0.00,61.80,159.70
Sep/1993,15.9,7.90,0.00,73.90,115.50
Oct/1993,10.7,4.10,6.00,72.30,95.30
Nov/1993,6.7,1.80,13.00,100.80,45.80
Dec/1993,5.8,1.10,9.00,217.70,29.90
Jan/1994,6.6,1.70,7.00,193.70,32.50
Feb/1994,5.1,0.50,9.00,79.40,47.50
Mar/1994,8.9,3.20,0.00,217.90,88.10
Apr/1994,11.8,4.00,0.00,91.10,131.00
May/1994,15.2,6.10,0.00,12.70,186.40
Jun/1994,16.6,9.30,0.00,89.80,150.80
Jul/1994,20,12.10,0.00,68.70,145.00
Aug/1994,18.3,10.90,0.00,124.20,158.80
Sep/1994,15.3,8.40,0.00,55.20,115.10
Oct/1994,12.2,6.20,0.00,71.70,69.50
Nov/1994,11.4,7.40,0.00,141.70,39.20
Dec/1994,7.9,3.00,6.00,277.80,24.70
Jan/1995,6.6,0.80,12.00,181.50,55.70
Feb/1995,7.6,2.40,5.00,182.70,69.40
Mar/1995,8.1,1.70,8.00,104.20,100.30
Apr/1995,13.1,5.30,1.00,36.40,145.30
May/1995,15.9,6.80,0.00,63.10,170.40
Jun/1995,20.1,9.50,0.00,26.20,259.90
Jul/1995,20.9,12.40,0.00,106.00,183.40
Aug/1995,22.7,13.00,0.00,22.10,234.20
Sep/1995,16.7,9.50,0.00,128.30,111.60
Oct/1995,14.6,8.90,0.00,279.50,79.60
Nov/1995,9.9,4.70,2.00,70.20,56.70
Dec/1995,4,-1.10,14.00,41.00,49.20
Jan/1996,6.8,3.80,3.00,66.90,13.40
Feb/1996,6.4,0.40,14.00,88.70,97.60
Mar/1996,7.8,2.10,4.00,60.00,74.80
Apr/1996,12,5.10,2.00,83.00,99.40
May/1996,13.4,5.60,0.00,50.10,171.20
Jun/1996,18.4,9.90,0.00,34.20,236.10
Jul/1996,19.2,11.30,0.00,59.00,151.70
Aug/1996,20.2,12.50,0.00,41.90,142.60
Sep/1996,17.6,10.10,0.00,49.80,158.50
Oct/1996,13.8,8.20,0.00,194.40,78.00
Nov/1996,7.8,2.30,8.00,148.60,84.70
Dec/1996,5.8,1.30,11.00,82.20,38.40
Jan/1997,6,1.30,12.00,39.10,24.90
Feb/1997,9,2.80,3.00,250.20,60.20
Mar/1997,11,4.60,1.00,83.80,98.50
Apr/1997,13.5,6.00,0.00,48.30,116.00
May/1997,15.6,7.00,1.00,73.00,191.80
Jun/1997,18.2,10.10,0.00,66.70,149.80
Jul/1997,20.3,12.40,0.00,48.30,144.90
Aug/1997,21.5,13.60,0.00,31.30,147.80
Sep/1997,16.3,9.20,0.00,114.30,147.40
Oct/1997,12.7,6.20,3.00,79.90,110.60
Nov/1997,10.6,5.90,0.00,74.90,36.50
Dec/1997,8,3.40,5.00,146.50,25.10
Jan/1998,7.6,2.50,7.00,133.90,41.20
Feb/1998,10,6.30,1.00,158.20,44.60
Mar/1998,10.4,4.50,4.00,82.20,61.50
Apr/1998,11.3,3.80,4.00,88.70,121.60
May/1998,16.2,8.10,0.00,51.10,155.00
Jun/1998,17,9.60,0.00,89.20,148.60
Jul/1998,18.1,11.40,0.00,123.40,135.90
Aug/1998,18.2,11.20,0.00,106.50,127.50
Sep/1998,16.9,10.60,0.00,74.00,106.50
Oct/1998,11.8,6.20,2.00,239.80,106.50
Nov/1998,9.1,3.40,3.00,157.50,61.40
Dec/1998,8.7,3.10,5.00,121.30,35.40
Jan/1999,6.9,2.70,4.00,199.10,41.20
Feb/1999,7.6,2.20,7.00,101.50,87.60
Mar/1999,10.1,3.50,5.00,107.20,117.00
Apr/1999,13.3,5.60,3.00,66.50,123.70
May/1999,16,8.40,0.00,80.90,159.50
Jun/1999,17.5,9.00,0.00,97.10,157.70
Jul/1999,20.2,12.30,0.00,71.40,167.80
Aug/1999,19.1,11.30,0.00,45.40,153.40
Sep/1999,17.8,11.50,0.00,143.70,118.70
Oct/1999,13.1,7.60,0.00,59.60,82.10
Nov/1999,10,4.50,0.00,184.20,61.90
Dec/1999,6.4,0.90,9.00,297.10,40.10
Jan/2000,8.2,2.70,7.00,155.00,67.20
Feb/2000,8.4,2.80,3.00,151.10,62.10
Mar/2000,10.8,4.60,2.00,82.50,87.20
Apr/2000,11.8,3.80,2.00,55.00,124.10
May/2000,17.3,7.50,0.00,33.80,244.70
Jun/2000,17.8,9.70,0.00,58.90,145.80
Jul/2000,20.5,11.30,0.00,43.20,189.60
Aug/2000,20.1,12.10,0.00,105.70,143.30
Sep/2000,17.2,10.70,0.00,161.30,90.10
Oct/2000,12.6,6.90,0.00,176.10,91.40
Nov/2000,9,3.90,1.00,112.50,67.60
Dec/2000,7.4,2.70,8.00,178.00,33.40
Jan/2001,5.6,0.60,13.00,67.50,49.20
Feb/2001,7.2,1.20,7.00,81.80,88.10
Mar/2001,8.3,1.20,12.00,60.00,150.00
Apr/2001,11.9,4.00,0.00,55.40,135.90
May/2001,18.5,8.10,0.00,20.90,242.10
Jun/2001,17.3,9.50,0.00,49.50,134.70
Jul/2001,19.3,12.00,0.00,92.50,109.60
Aug/2001,19.3,11.60,0.00,79.50,145.90
Sep/2001,16.3,9.80,0.00,63.80,108.30
Oct/2001,15.1,10.20,0.00,141.70,75.30
Nov/2001,10.9,5.20,2.00,78.40,39.70
Dec/2001,6.8,0.60,14.00,52.20,68.60
Jan/2002,8.7,3.30,7.00,168.90,32.90
Feb/2002,8.9,3.10,4.00,210.00,56.40
Mar/2002,10.9,3.50,4.00,105.80,126.40
Apr/2002,13.3,5.80,0.00,68.80,126.00
May/2002,16,7.80,0.00,95.00,156.80
Jun/2002,17.3,10.80,0.00,111.20,121.20
Jul/2002,18.4,11.50,0.00,76.40,94.70
Aug/2002,20.5,12.40,0.00,100.80,143.60
Sep/2002,17.4,9.80,0.00,56.00,125.60
Oct/2002,11.5,5.30,2.00,175.90,77.00
Nov/2002,10.2,5.40,0.00,132.40,38.30
Dec/2002,6.7,2.50,6.00,44.30,37.70
Jan/2003,6.9,1.00,14.00,107.10,51.00
Feb/2003,7.4,0.70,11.00,46.40,96.00
Mar/2003,12,2.80,6.00,59.10,163.00
Apr/2003,15,5.80,0.00,45.20,186.10
May/2003,15.2,7.80,0.00,112.30,140.50
Jun/2003,19.4,11.10,0.00,72.30,168.40
Jul/2003,21,13.20,0.00,45.60,149.50
Aug/2003,21.1,12.50,0.00,23.90,190.50
Sep/2003,17.3,9.60,0.00,69.70,123.80
Oct/2003,12.1,4.90,0.00,23.80,123.30
Nov/2003,11.1,5.90,0.00,132.90,63.20
Dec/2003,7.9,1.70,10.00,132.90,44.00
Jan/2004,7.9,2.80,10.00,154.40,37.50
Feb/2004,8.4,1.90,11.00,72.00,95.40
Mar/2004,10.6,3.20,5.00,71.90,117.60
Apr/2004,13.8,6.10,0.00,87.70,116.60
May/2004,17.2,8.10,0.00,39.70,190.50
Jun/2004,18.4,10.90,0.00,99.00,116.00
Jul/2004,19.4,11.40,0.00,41.60,147.50
Aug/2004,20.6,13.00,0.00,202.60,137.00
Sep/2004,16.8,10.50,0.00,130.10,117.80
Oct/2004,12.3,6.50,0.00,182.60,83.50
Nov/2004,10.9,5.40,4.00,63.20,50.50
Dec/2004,9.4,3.50,5.00,155.40,39.60
Jan/2005,9.4,3.10,5.00,204.40,54.90
Feb/2005,7.9,2.50,4.00,76.50,90.70
Mar/2005,11.1,4.20,5.00,77.60,101.20
Apr/2005,12.9,5.20,0.00,98.50,148.10
May/2005,15.3,6.70,0.00,105.40,197.30
Jun/2005,19.1,11.40,0.00,65.90,124.80
Jul/2005,20.1,12.30,0.00,26.60,152.60
Aug/2005,19.6,11.60,0.00,64.70,162.00
Sep/2005,17,10.90,0.00,103.90,113.60
Oct/2005,14.4,9.00,0.00,175.20,50.60
Nov/2005,9.6,3.40,6.00,84.00,64.70
Dec/2005,8.2,2.60,9.00,68.10,33.40
Jan/2006,7.6,2.20,7.00,94.60,29.40
Feb/2006,8.1,2.10,9.00,54.20,76.30
Mar/2006,8.1,2.20,9.00,126.00,79.40
Apr/2006,12.3,4.30,2.00,69.30,166.80
May/2006,16.2,7.30,0.00,109.30,193.40
Jun/2006,19.7,10.90,0.00,48.90,172.50
Jul/2006,22.7,13.70,0.00,55.90,210.20
Aug/2006,19.4,12.00,0.00,72.30,162.80
Sep/2006,18.3,12.00,0.00,119.40,106.00
Oct/2006,15.1,8.40,0.00,121.50,84.10
Nov/2006,10.6,5.50,0.00,269.70,57.00
Dec/2006,9.1,4.40,2.00,298.90,34.90
Jan/2007,9.6,4.10,3.00,216.50,44.00
Feb/2007,8.8,3.30,6.00,122.80,72.10
Mar/2007,10.5,4.00,1.00,114.00,126.30
Apr/2007,15.6,7.10,0.00,31.00,188.00
May/2007,15.4,8.00,0.00,80.60,171.50
Jun/2007,18.2,11.40,0.00,94.60,97.30
Jul/2007,18.8,11.50,0.00,76.30,167.40
Aug/2007,18.2,11.90,0.00,108.00,144.90
Sep/2007,16,9.70,0.00,59.60,112.80
Oct/2007,14.2,7.90,0.00,70.10,104.70
Nov/2007,10.5,5.40,4.00,99.50,53.70
Dec/2007,7.8,2.30,7.00,142.10,24.20
Jan/2008,8,3.00,3.00,259.90,17.30
Feb/2008,9,2.70,7.00,133.80,75.40
Mar/2008,9.1,2.50,4.00,145.00,117.50
Apr/2008,12.5,4.50,1.00,55.00,142.70
May/2008,17.5,8.80,0.00,21.20,193.00
Jun/2008,17.6,9.50,0.00,90.80,176.60
Jul/2008,19.5,12.30,0.00,115.70,132.00
Aug/2008,18.2,12.00,0.00,151.00,91.50
Sep/2008,15.7,9.30,0.00,101.10,73.50
Oct/2008,11.8,4.90,1.00,221.50,103.60
Nov/2008,8.9,2.90,5.00,79.10,58.70
Dec/2008,6.5,0.80,15.00,119.30,47.60
Jan/2009,6.8,1.50,6.00,137.40,37.60
Feb/2009,7.4,2.30,9.00,23.30,47.60
Mar/2009,10.2,3.60,1.00,97.60,120.50
Apr/2009,13.8,6.20,0.00,55.40,128.00
May/2009,15.8,7.70,0.00,106.90,202.10
Jun/2009,19.4,10.90,0.00,37.90,219.40
Jul/2009,20,12.70,0.00,120.50,188.50
Aug/2009,18.5,12.50,0.00,173.40,129.60
Sep/2009,16.6,10.90,0.00,69.10,106.60
Oct/2009,13.8,7.90,0.00,99.80,95.30
Nov/2009,9.5,4.50,3.00,250.70,56.50
Dec/2009,4.6,-0.90,17.00,65.10,24.00
Jan/2010,4.1,-0.80,15.00,52.10,51.60
Feb/2010,5.2,-0.90,16.00,76.70,65.30
Mar/2010,9.6,2.50,7.00,75.20,102.30
Apr/2010,13.6,5.20,1.00,80.90,151.40
May/2010,15.7,6.80,0.00,17.20,195.60
Jun/2010,20.2,11.20,0.00,29.70,193.50
Jul/2010,18.5,12.60,0.00,131.70,113.00
Aug/2010,18.5,11.00,0.00,71.30,170.40
Sep/2010,17,10.30,0.00,132.80,136.20
Oct/2010,12.9,7.00,1.00,121.80,100.30
Nov/2010,7.1,1.90,10.00,112.80,58.60
Dec/2010,1.6,-4.40,25.00,45.00,41.70,
Jan/2011,5.9,1.00,11.00,101.70,51.60,
Feb/2011,8.3,2.40,4.00,166.80,51.50,
Mar/2011,9.5,2.30,3.00,81.30,77.00,
Apr/2011,15.7,6.4,1,53.9,192.6,Estimated
May/2011,15,7.5,0,145.7,174.9,Estimated
Jun/2011,16.8,9,0,87.7,163.7,Estimated
Jul/2011,20.3,10.5,0,80.4,254.4,Estimated
Aug/2011,17.9,10.8,0,126.1,119.2,Estimated
Sep/2011,16.8,10.4,0,153,117.7,Estimated
Oct/2011,13.6,8.5,0,188.3,52.3,Estimated
Nov/2011,11.8,5.9,3,180.1,53.2,Estimated
Dec/2011,7.6,2,7,234.3,31.7,Estimated
Jan/2012,7.3,2.1,10,140.4,49.9,Estimated
Feb/2012,8.2,3.1,7,62.9,49.1,Estimated
Mar/2012,12.8,5,1,43.8,145.5,Estimated
Apr/2012,11.5,3.2,4,59.4,137.7,Estimated
May/2012,16.1,6.5,1,62.5,227.5,Estimated
Jun/2012,16.6,9.5,0,132.4,122,Estimated
Jul/2012,18.1,11.2,0,124.4,128.9,Estimated
Aug/2012,19.7,11.8,0,129.1,177.4,Estimated
Sep/2012,15.3,8.9,0,111.3,130.5,Estimated
Oct/2012,11.4,4.3,2,131,106.5,Estimated
Nov/2012,8.8,3.1,4,135.3,73.1,Estimated
Dec/2012,6.5,1.2,11,184,46.3,Estimated
Jan/2013,6.2,2.2,7,135,35.4,Estimated
Feb/2013,6.9,0.5,12,70.4,96.6,Estimated
Mar/2013,6,0.2,15,29.5,93.1,Estimated
Apr/2013,10.8,3.2,5,85.7,182.2,Estimated
May/2013,14.6,6.4,1,93.6,177.8,Estimated
