name,year,population,proportion_urban,water_basic,water_limited,water_unimproved,water_surface
Afghanistan,2000,20093755.859375,22.077999114990234,27.77189682948133,3.579957035064287,43.40060258504392,25.24754355041046
Afghanistan,2017,35530082.03125,25.25,67.06462342052144,3.174044527581173,18.88395236858819,10.87737968330919
Albania,2000,3121969.970703125,41.74100112915039,87.866618353128,8.986579079300347,2.000665726729152,1.146136840842503
Albania,2017,2930187.01171875,59.382999420166016,91.03922766761912,5.125204749354635,3.835567583026241,0.0
Algeria,2000,31183660.15625,59.91899871826172,89.83725906622034,5.504814318152405,4.197197589245366,0.4607290263818804
Algeria,2017,41318140.625,72.052001953125,93.55588814364998,5.139876891767575,1.113941437620734,0.1902935269617152
American Samoa,2000,57520.99990844727,88.58699798583984,98.45908936922238,0.0,1.540910630777617,0.0
American Samoa,2017,55640.99884033203,87.16999816894531,99.77377165851006,0.0,0.2262283414899429,0.0
Andorra,2000,65389.99938964844,92.3949966430664,100.0,0.0,0.0,0.0
Andorra,2017,76964.99633789062,88.1500015258789,99.99999628269592,0.0,3.71730408233e-06,0.0
Angola,2000,16440923.828125,50.08700180053711,41.14430913214169,21.08770276285724,9.072295320180883,28.69569278482019
Angola,2017,29784193.359375,64.83899688720703,55.84290487224141,9.975664973180534,18.79514148881539,15.38628866576266
Anguilla,2000,11069.99969482422,100.0,96.16923076923075,0.0,3.830769230769249,0.0
Anguilla,2017,14909.00039672852,100.0,97.48227424749163,0.0,2.517725752508369,0.0
Antigua and Barbuda,2000,83583.99963378906,32.12699890136719,98.25376517231649,0.0,1.651768713592821,0.0944661140906875
Antigua and Barbuda,2017,102012.0010375977,24.71299934387207,96.73918627627089,0.0,3.166347609638427,0.0944661140906875
Argentina,2000,37057453.125,89.14199829101562,96.21301622580154,0.0,2.64026385534167,1.146719918856791
Argentina,2017,44271039.0625,91.7490005493164,,,,
Armenia,2000,3069587.890625,64.66600036621094,95.13350782096853,2.100369396736036,2.551829149510573,0.2142936327848701
Armenia,2017,2930449.951171875,63.10300064086914,99.9133765368804,0.0,0.086623463119595,0.0
Aruba,2000,90852.99682617188,46.71699905395508,94.48880635550807,0.0,5.419576603722343,0.0916170407695827
Aruba,2017,105263.9999389648,43.292999267578125,,,,
Australia,2000,19065837.890625,84.23500061035156,99.71229447549432,0.0,0.2246455265073801,0.0630599979983022
Australia,2017,24450560.546875,85.90399932861328,99.96993559668037,0.0,0.0300644033196278,0.0
Austria,2000,8069275.87890625,60.21300506591797,100.000003025558,0.0,0.0,0.0
Austria,2017,8735453.125,58.09400177001953,100.0,0.0,0.0,0.0
Azerbaijan,2000,8122741.2109375,51.38600540161133,73.38049943162012,8.486103550070629,7.779233708478342,10.3541633098309
Azerbaijan,2017,9827588.8671875,55.34299850463867,91.3857399436573,2.744424739967337,4.897886750832441,0.9719485655429091
Bahamas,2000,297890.0146484375,82.00700378417969,98.2454956108156,0.0,1.754504389184405,0.0
Bahamas,2017,395360.9924316406,82.92500305175781,98.88696049734048,0.0,1.113039502659518,0.0
Bahrain,2000,664614.013671875,88.37200164794922,99.8979443202155,0.0,0.1020556797844989,0.0
Bahrain,2017,1492583.984375,89.18599700927734,100.0,0.0,0.0,0.0
Bangladesh,2000,131581250.0,23.59000015258789,95.21504357757289,0.7090323835132463,1.74161256479286,2.334311474121008
Bangladesh,2017,164669750.0,35.858001708984375,97.01600557090647,1.543845245168557,0.5077935641828129,0.9323556197421687
Barbados,2000,269846.9848632813,33.82699966430664,98.32442345862826,0.2670843947748693,1.408492146596871,0.0
Barbados,2017,285718.994140625,31.159000396728516,98.49444758072573,0.2675462412637728,1.238006178010494,0.0
Belarus,2000,9933609.375,69.9729995727539,99.29858263275192,0.1494811162092793,0.5519362510388106,0.0
Belarus,2017,9468337.890625,78.13400268554688,96.48397118806506,3.330060845803305,0.185967966131642,0.0
Belgium,2000,10282033.203125,97.12899780273438,100.0000011872196,0.0,0.0,0.0
Belgium,2017,11429335.9375,97.96099853515625,100.0000033376368,0.0,0.0,0.0
Belize,2000,247315.0024414063,45.39799880981445,87.43148754818233,1.086299017741041,8.399950198839052,3.082263235237589
Belize,2017,374680.9997558594,45.60100173950195,97.99257978721742,1.242715658901371,0.7647045538811836,0.0
Benin,2000,6865951.171875,38.33300018310547,61.45970108833315,6.260098093203644,20.45422581215642,11.82597500630679
Benin,2017,11175692.3828125,46.768001556396484,66.41472533812718,9.998997604131889,19.80398460351786,3.782292454223067
Bermuda,2000,64027.99987792969,100.0,99.99414290503832,0.0,0.0058570949616836,0.0
Bermuda,2017,61348.9990234375,100.0,99.90314001706358,0.0,0.0968599829364223,0.0
Bhutan,2000,573416.015625,25.418001174926758,82.7364260885696,1.052824186017428,6.169646779124487,10.04110294628848
Bhutan,2017,807609.9853515625,40.16699981689453,97.23338333524819,2.501054694529499,0.2409592096741809,0.0246027605481411
Bolivia (Plurinational State of),2000,8339511.71875,61.7869987487793,79.47904392208285,0.4042177646092115,7.241758614071626,12.87497969923631
Bolivia (Plurinational State of),2017,11051599.609375,69.08000183105469,92.84873517930254,0.0823497121956858,1.595636602800517,5.473278505701267
Bosnia and Herzegovina,2000,3766706.0546875,42.38399887084961,97.26969979289183,1.129292576692443,1.377894719069764,0.223112911345958
Bosnia and Herzegovina,2017,3507017.08984375,47.875999450683594,96.14235608502128,3.796662628357256,0.0609812866214554,0.0
Botswana,2000,1728339.965820313,53.21900177001953,75.19896544395003,20.48509164732134,1.548512078525723,2.767430830202907
Botswana,2017,2291660.888671875,68.69999694824219,90.3377133593968,6.580472336273598,1.582804937730342,1.499009366599254
Brazil,2000,175287593.75,81.19200134277344,93.65428641211797,0.6102769414979977,4.87413268536868,0.8613039610153647
Brazil,2017,209288281.25,86.30899810791016,98.19339267459118,0.2523027786742406,1.55430734640161,
British Virgin Islands,2000,20645.00045776367,41.77399826049805,95.30273972602754,0.0,4.697260273972461,0.0
British Virgin Islands,2017,31195.99914550781,47.33700180053711,99.86438356164388,0.0,0.1356164383561236,0.0
Brunei Darussalam,2000,333240.9973144531,71.16400146484375,99.90000909008273,0.0,0.0999909099172669,0.0
Brunei Darussalam,2017,428696.9909667969,77.31199645996094,99.90000909008273,0.0,0.0999909099172669,0.0
Bulgaria,2000,7997787.109375,68.89900207519531,99.74083250055816,0.0,0.0952499667782066,0.1639175326636302
Bulgaria,2017,7084570.80078125,74.66899871826172,99.10834282486849,0.0,0.8916571751315132,
Burkina Faso,2000,11607942.3828125,17.8439998626709,54.91950886468213,13.50977682107182,25.16646511470215,6.40424919954391
Burkina Faso,2017,19193382.8125,28.743000030517578,47.88812733828877,27.75663364421888,23.0681015648614,1.287137452630952
Burundi,2000,6400706.0546875,8.246000289916992,50.66311885347888,19.42187146279305,14.50535276652754,15.40965691720054
Burundi,2017,10864245.1171875,12.706000328063965,60.83054892095657,19.51628143894815,14.87984915127087,4.773320488824413
Cabo Verde,2000,435079.0100097656,53.435001373291016,78.77496204640924,11.1918322540155,9.553811322053422,0.4793943775218463
Cabo Verde,2017,546388.0004882812,65.26100158691406,87.08320801329232,9.145251949976117,3.649560801509217,0.1219792352223481
Cambodia,2000,12152353.515625,18.586000442504883,52.34763322560452,0.2931918144949142,21.36483560275029,25.99433935715029
Cambodia,2017,16005373.046875,22.979999542236328,78.51065693142185,0.4356921798278029,10.18917045694393,10.86448043180643
Cameroon,2000,15274234.375,45.54199981689453,59.17721438913011,5.06822204466564,26.25507783630993,9.499485729894312
Cameroon,2017,24053726.5625,55.777000427246094,60.38486394735739,16.15111924896634,16.13125857972463,7.332758223951648
Canada,2000,30735773.4375,79.47799682617188,99.11182772960214,0.0,0.8881722703978596,0.0
Canada,2017,36624199.21875,81.3499984741211,99.43624408483018,0.0,0.5637559151698213,0.0
Caribbean Netherlands,2000,14392.99964904785,74.9469985961914,99.3486292047443,0.0,0.6513707952557013,0.0
Caribbean Netherlands,2017,25398.00071716309,74.83799743652344,,,,
Cayman Islands,2000,41687.0002746582,100.0,,,,
Cayman Islands,2017,61558.99810791016,100.0,,,,
Central African Republic,2000,3754986.083984375,37.638999938964844,58.26146545562415,6.954188536237748,27.36016812061149,7.424177887526606
Central African Republic,2017,4659080.078125,40.97999954223633,,,,
Chad,2000,8342558.59375,21.636999130249023,41.41297919823474,9.304682827477965,41.86061480643971,7.421723167847585
Chad,2017,14899994.140625,22.857999801635742,38.70059942935045,17.04310579290245,38.7285187559723,5.527776021774809
Channel Islands,2000,148725.0061035156,30.46500015258789,,,,
Channel Islands,2017,165313.9953613281,30.913999557495117,94.14999999999999,0.0,5.850000000000009,0.0
Chile,2000,15262753.90625,86.072998046875,95.68061034559022,0.0,4.319389654409775,
Chile,2017,18054726.5625,87.48999786376953,99.83279119836286,0.0,0.1672088016371447,0.0
China,2000,1283199000.0,35.87699890136719,80.39257906896022,0.5248724203185227,16.15285435413482,2.929694156586442
China,2017,1409517375.0,57.959999084472656,92.84613551296617,0.8331764368492243,5.889725288493672,0.4309627616909423
"China, Hong Kong Special Administrative Region",2000,6663653.80859375,100.0,98.7057594381036,0.0,1.294240561896402,0.0
"China, Hong Kong Special Administrative Region",2017,7364882.8125,100.0,100.0,0.0,0.0,0.0
"China, Macao Special Administrative Region",2000,427979.00390625,100.0,100.0,0.0,0.0,0.0
"China, Macao Special Administrative Region",2017,622567.0166015625,100.0,100.0,0.0,0.0,0.0
Colombia,2000,40403957.03125,73.95700073242188,90.93351756677814,0.1411939565351275,5.300167347064794,3.625121129621945
Colombia,2017,49065613.28125,80.44599914550781,97.30010960981015,0.1921781867011643,0.8350135584135627,1.672698645075131
Comoros,2000,542356.9946289062,28.079998016357422,90.94792546402176,1.663179345514291,5.682626038490562,1.70626915197338
Comoros,2017,813911.9873046875,28.784000396728516,80.16751687107727,10.86963966724843,8.368422896383931,0.594420565290368
Congo,2000,3225727.05078125,58.69499969482422,57.15587206983748,9.758034381664629,24.76766410070998,8.318429447787919
Congo,2017,5260750.0,66.45899963378906,73.21776097391952,10.46463074042287,9.859033860103363,6.458574425554249
Cook Islands,2000,18121.99974060059,65.19100189208984,99.89699394263499,0.0,0.1030060573650076,0.0
Cook Islands,2017,17379.9991607666,74.83499908447266,99.87960035788846,0.0,0.1203996421115363,0.0
Costa Rica,2000,3925443.115234375,59.05199432373047,94.10867459014435,0.3149295688845319,2.333258480579511,3.243137360391591
Costa Rica,2017,4905769.04296875,78.55999755859375,99.70151391303587,0.2984835986628878,2.4883012486e-06,0.0
Côte d'Ivoire,2000,16686560.546875,43.154998779296875,70.76078191740059,9.24691439991695,14.50256875840945,5.489734924273026
Côte d'Ivoire,2017,24294750.0,50.32600021362305,72.86894644004651,6.306973185962408,15.08376150433815,5.740318869652924
Croatia,2000,4428071.77734375,53.428001403808594,98.43725076750327,0.0,1.162230058340283,0.4005191741564466
Croatia,2017,4189353.02734375,56.66699981689453,99.58666655529389,0.0,0.41333344470613,
Cuba,2000,11150736.328125,75.32300567626953,92.99272165763513,2.065057530120227,4.220051865784209,0.7221689464604337
Cuba,2017,11484635.7421875,76.97699737548828,95.3275823079684,2.056603369336613,2.198031067910857,0.4177832547841167
Curaçao,2000,132098.9990234375,90.75199890136719,98.68520873880992,0.0,1.314791261190081,0.0
Curaçao,2017,160539.0014648438,89.2030029296875,99.49775184751776,0.0,0.5022481524822382,0.0
Cyprus,2000,943286.0107421875,68.64800262451172,99.98502706342532,0.0,0.0149729365746848,0.0
Cyprus,2017,1179551.025390625,66.83599853515625,99.6132861489321,0.0,0.3867138510678956,0.0
Czech Republic,2000,10289593.75,73.98799896240234,99.80612463146693,0.0,0.1938753685330659,0.0
Czech Republic,2017,10618302.734375,73.67500305175781,99.8802587968555,0.0,0.1197412031444998,0.0
Democratic People's Republic of Korea,2000,22929074.21875,59.4119987487793,99.3029400104909,0.6970599895090974,0.0,
Democratic People's Republic of Korea,2017,25490964.84375,61.678001403808594,94.5124528157424,0.6832634084800326,4.536029778152472,0.2682539976250776
Democratic Republic of the Congo,2000,47076386.71875,35.12200164794922,33.91776675386202,10.72890849291297,37.35256325032118,18.00076150290383
Democratic Republic of the Congo,2017,81339984.375,43.87999725341797,43.24332203990209,11.94990835820639,35.59827011673156,9.208499485159964
Denmark,2000,5341193.84765625,85.0999984741211,100.000001142725,0.0,0.0,0.0
Denmark,2017,5733550.78125,87.75700378417969,99.9999989354737,0.0,1.06452630178e-06,0.0
Djibouti,2000,717583.984375,76.53199768066406,75.56113757581959,14.84194548645383,8.71511463573239,0.8818023019942003
Djibouti,2017,956984.9853515625,77.64800262451172,75.63230767814483,14.69075865490766,7.281599973282734,2.39533369366477
Dominica,2000,69676.0025024414,65.26499938964844,93.47500000000002,0.0,6.524999999999977,0.0
Dominica,2017,73925.00305175781,70.18099975585938,,,,
Dominican Republic,2000,8562622.0703125,61.75299835205078,89.82323507709373,4.483816639867302,3.559845238581333,2.13310304445764
Dominican Republic,2017,10766998.046875,80.2770004272461,96.69022475016124,0.3407258289457789,1.67043913677184,1.298610284121146
Ecuador,2000,12628595.703125,60.29899978637695,82.36792018930288,0.9519535122980703,8.801779889186815,7.878346409212231
Ecuador,2017,16624857.421875,63.67000198364258,93.9945365448314,0.1124182176754624,2.81181734168751,3.081227895805602
Egypt,2000,69905984.375,42.797000885009766,97.87094608118117,0.6500917532474206,1.440151399802313,0.0388107657690879
Egypt,2017,97553148.4375,42.70500183105469,99.10573045820766,0.2367477542108567,0.6405308366291512,0.016990950952336
El Salvador,2000,5867625.9765625,58.9119987487793,77.78590923844595,6.4750635500822,10.42592578191784,5.313101429553995
El Salvador,2017,6377853.02734375,71.2750015258789,97.38837497149431,0.2212267296826931,0.0112553931390051,2.379142905683996
Equatorial Guinea,2000,614322.998046875,49.09199905395508,51.09814015437496,2.311327207824681,15.05519427707175,31.53533836072862
Equatorial Guinea,2017,1267688.96484375,71.64600372314453,64.66581781260082,2.95799930841437,26.03770528198601,6.338477596998808
Eritrea,2000,3392801.025390625,26.586999893188477,46.81421436554621,21.85139328212882,27.80263326534305,3.531759086981922
Eritrea,2017,5068831.0546875,39.45100021362305,,,,
Estonia,2000,1399112.060546875,69.36799621582031,99.11477852691485,0.0,0.8852214730851489,0.0
Estonia,2017,1309631.958007813,68.71700286865234,99.71282683532682,0.0,0.2871731646731789,0.0
Eswatini,2000,1061468.017578125,22.68600082397461,52.51422322401055,4.667402534668714,15.57372155725686,27.24465268406388
Eswatini,2017,1367254.028320313,23.625,69.00865514474653,9.262138186463574,8.649373127845424,13.07983354094448
Ethiopia,2000,66537328.125,14.739998817443848,18.69520686774351,5.812466977572213,42.19686273189868,33.2954634227856
Ethiopia,2017,104957437.5,20.309999465942383,41.05995213475939,27.84019786922199,22.49879371825629,8.601056277762323
Falkland Islands (Malvinas),2000,2881.999969482422,67.60600280761719,,,,
Falkland Islands (Malvinas),2017,2910.000085830689,77.20600128173828,95.02474481554204,0.0,4.975255184457964,0.0
Faroe Islands,2000,47257.99942016602,36.33700180053711,100.0,0.0,0.0,0.0
Faroe Islands,2017,49290.00091552734,41.91400146484375,100.0,0.0,0.0,0.0
Fiji,2000,811223.0224609375,47.90800094604492,94.6031107201732,0.0,3.23783391783635,2.159055361990438
Fiji,2017,905502.0141601562,55.742000579833984,93.79091928284976,0.0,4.191680431210799,2.017400285939444
Finland,2000,5187954.1015625,82.18299865722656,99.99999882352166,0.0,1.1764783352e-06,0.0
Finland,2017,5523230.95703125,85.32499694824219,100.0000022101251,0.0,0.0,0.0
France,2000,59608199.21875,75.87100219726562,99.8973330757829,0.0,0.1026669242171039,0.0
France,2017,64979546.875,80.18000030517578,100.0000015028767,0.0,0.0,0.0
French Guiana,2000,163164.9932861328,79.11099243164062,92.12404900213443,0.0,7.875950997865573,0.0
French Guiana,2017,282730.9875488281,85.04199981689453,94.11194745722673,0.0,5.888052542773266,0.0
French Polynesia,2000,237257.9956054688,56.04700469970703,100.0,0.0,0.0,0.0
French Polynesia,2017,283006.9885253906,61.784000396728516,100.0,0.0,0.0,0.0
Gabon,2000,1231121.948242188,78.87899780273438,79.53762037127056,3.697301686589275,5.373993377900838,11.39108456423933
Gabon,2017,2025136.962890625,88.97599792480469,85.77100365569552,8.019691522721393,2.919965034669764,3.289339786913325
Gambia,2000,1231843.994140625,47.86799621582031,75.00136133126033,9.589743304680384,15.31984166220997,0.089053701849317
Gambia,2017,2100568.115234375,60.5989990234375,77.99156682466084,9.086201993360865,12.91975484274141,0.002476339236899
Georgia,2000,4722059.08203125,52.63800048828125,92.97521069581992,0.8588116743425132,5.985399587322152,0.1805780425154038
Georgia,2017,3912061.03515625,58.23099899291992,98.3944393544552,0.0,1.579479373229593,0.0260812723152079
Germany,2000,81487757.8125,74.96499633789062,99.99999760316757,0.0,2.39683242853e-06,0.0
Germany,2017,82114226.5625,77.26100158691406,100.0,0.0,0.0,0.0
Ghana,2000,18938761.71875,43.92899703979492,64.46380314285956,9.2945122577959,9.033267818461399,17.20841678088315
Ghana,2017,28833628.90625,55.40700149536133,81.45338967607296,8.475392192634338,3.981524724407254,6.089693406885428
Gibraltar,2000,31180.00030517578,100.0,100.0,0.0,0.0,0.0
Gibraltar,2017,34570.99914550781,100.0,100.0,0.0,0.0,0.0
Greece,2000,11142119.140625,72.71600341796875,99.58681793748073,0.0,0.4131820625192688,0.0
Greece,2017,11159773.4375,78.7239990234375,100.0,0.0,0.0,0.0
Greenland,2000,56174.99923706055,81.5999984741211,100.0,0.0,0.0,0.0
Greenland,2017,56479.99954223633,86.5739974975586,99.9999974672247,0.0,2.53277529794e-06,0.0
Grenada,2000,101619.0032958984,35.698001861572266,93.30763780932183,1.133291147481643,5.559071043196525,0.0
Grenada,2017,107824.9969482422,36.16400146484375,95.62865044355469,1.161481584334671,0.0,3.209867972110639
Guadeloupe,2000,424645.99609375,98.4000015258789,,,,
Guadeloupe,2017,449567.9931640625,98.46299743652344,99.68540267755226,0.0,0.3145973224477388,0.0
Guam,2000,155328.9947509766,93.12899780273438,99.4,0.0,0.5999999999999943,0.0
Guam,2017,164229.00390625,94.6989974975586,99.6952,0.0,0.3048000000000002,0.0
Guatemala,2000,11650743.1640625,45.332000732421875,85.75376957161612,0.4640219610350107,10.40110663695059,3.381101830398289
Guatemala,2017,16913503.90625,50.68000030517578,94.19058073800758,1.055174602784011,3.136560804734267,1.61768385447414
Guinea,2000,8808545.8984375,30.869001388549805,62.73273852912846,1.054579206702214,20.36859432665909,15.84408793751023
Guinea,2017,12717175.78125,35.792999267578125,61.89872307737957,17.97293349521946,8.803634416237783,11.32470901116319
Guinea-Bissau,2000,1243229.00390625,36.24300003051758,53.37678344030657,3.60652385064618,40.13393178995171,2.882760919095541
Guinea-Bissau,2017,1861282.958984375,42.94499969482422,66.63441422827752,6.89247629123753,25.992683059894,0.4804264205909697
Guyana,2000,753301.025390625,28.694000244140625,87.90513006616011,2.143570665614738,5.392926338395164,4.558372929829992
Guyana,2017,777859.0087890625,26.538000106811523,95.53974767913236,1.209326937198651,1.146943720232277,2.103981663436694
Haiti,2000,8549200.1953125,35.599998474121094,56.23928980272306,6.957232711966408,20.79845058968648,16.00502689562406
Haiti,2017,10981228.515625,54.34600067138672,65.46682592653661,9.54127891170437,24.99189516175902,0.0
Holy See,2000,785.0000262260437,100.0,,,,
Holy See,2017,791.9999957084656,100.0,,,,
Honduras,2000,6524283.203125,45.45800018310547,84.80421199040495,0.2736788810302633,11.26503242227395,3.657076706290852
Honduras,2017,9265067.3828125,56.457000732421875,94.82710943824591,0.4337630284045415,4.739127533349546,0.0
Hungary,2000,10221050.78125,64.57499694824219,99.96383274084586,0.0,0.0361672591541395,0.0
Hungary,2017,9721558.59375,71.06199645996094,99.99999748866786,0.0,2.51133214135e-06,0.0
Iceland,2000,280434.9975585938,92.40100860595703,100.0000040808358,0.0,0.0,0.0
Iceland,2017,335024.9938964844,93.77300262451172,99.99999943068468,0.0,5.69315318444e-07,0.0
India,2000,1053050875.0,27.667001724243164,79.02380481398731,5.494319692516222,14.12784018182481,1.354035311671661
India,2017,1339180125.0,33.599998474121094,92.67464257074266,0.7644889358847742,5.807295153440769,0.7535733399317972
Indonesia,2000,211540421.875,42.00199890136719,75.65299708811143,0.3219460514203821,20.2484655281586,3.776591332309583
Indonesia,2017,263991375.0,54.659000396728516,89.34401222844716,1.41400190950016,7.740641233805149,1.501344628247533
Iran (Islamic Republic of),2000,66131851.5625,64.04199981689453,94.94386707663176,2.231938283466542,2.568588962017838,0.2556056778838614
Iran (Islamic Republic of),2017,81162789.0625,74.39399719238281,95.24454487995739,1.916617376005868,2.736568758933826,0.1022689851029208
Iraq,2000,23565412.109375,68.49600219726562,80.90583143975614,0.7971892498315093,6.770179337854263,11.52679997255809
Iraq,2017,38274617.1875,70.27799987792969,96.53347833414144,1.402820473522469,0.7406998530376949,1.323001339298402
Ireland,2000,3848775.87890625,59.15500259399414,97.18371796421032,0.0,2.816282035789683,0.0
Ireland,2017,4761657.2265625,62.946998596191406,97.39454461156083,0.0,2.60545538843917,0.0
Isle of Man,2000,72554.00085449219,51.82300567626953,,,,
Isle of Man,2017,84287.00256347656,52.45800018310547,99.07499999999999,0.0,0.9250000000000114,0.0
Israel,2000,6013741.2109375,91.2030029296875,99.99999695521537,0.0,3.0447846342e-06,0.0
Israel,2017,8321570.3125,92.33599853515625,100.0000014669144,0.0,0.0,0.0
Italy,2000,57293722.65625,67.22200012207031,99.99999659103143,0.0,3.40896856699e-06,0.0
Italy,2017,59359898.4375,70.14399719238281,99.44273388430025,0.0,0.5572661156997484,0.0
Jamaica,2000,2656864.013671875,51.813995361328125,93.12331005571086,0.5208798693820151,3.237903558325413,3.1179065165817
Jamaica,2017,2890299.072265625,55.37799835205078,90.64843618068709,5.386345908718212,2.303684728267065,1.661533182327631
Japan,2000,127533937.5,78.64900207519531,98.4875,0.0,1.512500000000003,0.0
Japan,2017,127484453.125,91.53500366210938,99.01020833333334,0.0,0.9897916666666617,0.0
Jordan,2000,5103129.8828125,78.2699966430664,99.4018357953351,0.0,0.5721794670378664,0.0259847376270307
Jordan,2017,9702352.5390625,90.74700164794922,98.93722264821369,0.0,0.8982322168500435,0.1645451349362656
Kazakhstan,2000,15057363.28125,56.09800338745117,84.56442085330885,6.499983733386399,7.099475963589295,1.836119449715458
Kazakhstan,2017,18204498.046875,57.33599853515625,95.6275072212889,1.728119219016183,2.566111338912973,0.0782622207819401
Kenya,2000,31450482.421875,19.892000198364258,47.31540325892735,6.452411553552481,16.37299028444313,29.85919490307704
Kenya,2017,49699863.28125,26.56199836730957,58.91633338895469,9.063393227406879,11.91791888228747,20.10235450135096
Kiribati,2000,84405.99822998047,42.95800018310547,50.02757766614454,0.61953656552501,49.35288576833045,0.0
Kiribati,2017,116398.0026245117,53.262001037597656,71.61597711847749,0.8868851655538919,27.49713771596862,0.0
Kuwait,2000,2050740.966796875,99.0,100.0,0.0,0.0,0.0
Kuwait,2017,4136527.83203125,100.0,100.0,0.0,0.0,0.0
Kyrgyzstan,2000,4920717.7734375,35.29800033569336,80.60383913373833,1.125563363095961,4.688603877227431,13.58199362593829
Kyrgyzstan,2017,6045117.1875,36.1349983215332,87.45590289924145,1.808367188019414,1.872795603306621,8.862934309432502
Lao People's Democratic Republic,2000,5329304.19921875,21.976999282836914,46.51605895257681,0.9645613112773882,26.79107415494616,25.72830558119964
Lao People's Democratic Republic,2017,6858160.15625,34.36800003051758,82.06189686468251,0.8165173572574391,14.22817743205801,2.89340834600204
Latvia,2000,2384163.0859375,68.06700134277344,97.81055349477016,0.6790155466259951,1.510430958603848,0.0
Latvia,2017,1949670.043945313,68.07499694824219,98.6261823719404,0.6796131434623852,0.6942044845972077,0.0
Lebanon,2000,3235365.966796875,86.0,85.39440025546213,6.824174534453789,7.697145210084081,0.08428
Lebanon,2017,6082356.93359375,88.42900085449219,92.6,7.400000000000006,0.0,0.0
Lesotho,2000,1868698.974609375,19.54800033569336,67.46613091081532,11.83009343840823,20.70377565077645,0.0
Lesotho,2017,2233339.111328125,27.729999542236328,68.64993758461885,9.574951986681647,14.45247654489896,7.322633883800534
Liberia,2000,2884521.97265625,44.33100128173828,62.17359788089687,3.547383312907757,18.11121905658109,16.16779974961428
Liberia,2017,4731905.76171875,50.69699478149414,72.94803094937726,8.078355855845395,5.734492924569982,13.23912027020737
Libya,2000,5355750.9765625,76.38700103759766,84.29736842105262,0.0,15.70263157894738,0.0
Libya,2017,6374616.2109375,79.81700134277344,98.52894736842086,0.0,1.471052631579141,0.0
Liechtenstein,2000,33285.9992980957,15.130001068115234,100.0,0.0,0.0,0.0
Liechtenstein,2017,37922.00088500977,14.314998626708984,100.0,0.0,0.0,0.0
Lithuania,2000,3501834.9609375,66.98600006103516,89.66956720404015,0.0,10.33043279595985,0.0
Lithuania,2017,2890297.119140625,67.51599884033203,97.54206810376549,0.0,2.457931896234507,0.0
Luxembourg,2000,436102.9968261719,84.21600341796875,100.0000017494479,0.0,0.0,0.0
Luxembourg,2017,583455.0170898438,90.72699737548828,99.88960319105848,0.0,0.1103968089415162,0.0
Madagascar,2000,15766805.6640625,27.12099838256836,35.76851110012778,2.854901584773714,20.64148077312262,40.7351065419759
Madagascar,2017,25570894.53125,36.52199935913086,54.40398164077912,1.046985811987126,31.84358458062899,12.70544796660477
Malawi,2000,11376171.875,14.609999656677246,52.94207469524719,13.87651010372073,25.07075763028369,8.11065757074841
Malawi,2017,18622103.515625,16.714000701904297,68.83187676092392,19.90552216039615,8.869081939668003,2.393519139011932
Malaysia,2000,23185607.421875,61.97700119018555,97.36628578530264,0.4012969424219978,1.433934292995811,0.7984829792795589
Malaysia,2017,31624263.671875,75.4469985961914,96.69593890542805,0.3573619777526018,2.946699116819346,
Maldives,2000,280384.0026855469,27.70599937438965,92.49740703250941,0.2594537355613159,7.243139231929263,0.0
Maldives,2017,436329.9865722656,39.380001068115234,99.25620098789247,0.075647697142913,0.6681513149646129,0.0
Mali,2000,10967690.4296875,28.355998992919922,48.74513340692245,4.008300678772512,42.89977444353604,4.346791470769013
Mali,2017,18541980.46875,41.571998596191406,78.26082957726412,4.640671694659218,15.29398715803887,1.80451157003779
Malta,2000,396667.9992675781,92.36799621582031,100.0000009616852,0.0,0.0,0.0
Malta,2017,430834.9914550781,94.5459976196289,100.0000022135489,0.0,0.0,0.0
Marshall Islands,2000,52159.00039672852,68.58000183105469,,,,
Marshall Islands,2017,53126.99890136719,76.63400268554688,88.48643788457294,11.27413050407673,0.2394316113503408,0.0
Martinique,2000,387003.9978027344,89.71300506591797,99.16972271441907,0.0,0.8302772855809337,0.0
Martinique,2017,384895.99609375,89.01799774169922,100.0,0.0,0.0,0.0
Mauritania,2000,2709358.88671875,38.090999603271484,40.9955269450152,18.11364735010458,34.35631996055228,6.534505744327946
Mauritania,2017,4420184.08203125,52.824005126953125,70.69618764509909,13.70370286450083,15.57715982736006,0.0229496630400405
Mauritius,2000,1185145.01953125,42.66999816894531,99.27977593555201,0.0,0.548234058156723,0.1719900062912618
Mauritius,2017,1265137.939453125,40.84100341796875,99.8663313545971,0.0,0.1336686454029064,0.0
Mayotte,2000,150330.9936523438,47.73099899291992,,,,
Mayotte,2017,253044.9981689453,46.39500045776367,97.00917912939065,0.0,0.1106506149062518,2.880170255703103
Mexico,2000,101719671.875,74.72200012207031,89.03966043529773,1.083115768300382,7.217618081009435,2.659605715392458
Mexico,2017,129163273.4375,79.86699676513672,99.31821889034894,0.0,0.6817811096510574,0.0
Micronesia (Federated States of),2000,107431.999206543,22.329999923706055,87.66875790038466,0.0,12.33124209961534,
Micronesia (Federated States of),2017,105543.9987182617,22.607999801635742,78.56647901696783,0.0,21.43352098303217,
Monaco,2000,32082.000732421882,100.0,100.0,0.0,0.0,0.0
Monaco,2017,38694.99969482422,100.0,100.0,0.0,0.0,0.0
Mongolia,2000,2397436.03515625,57.13300323486328,61.81680677515843,8.557060239556916,10.89252955952886,18.7336034257558
Mongolia,2017,3075646.97265625,68.36299896240234,83.31311500711645,2.112153334741175,7.827346115953382,6.747385542188987
Montenegro,2000,613559.9975585938,58.54399490356445,,,,
Montenegro,2017,628960.0219726562,66.47699737548828,97.04205010939103,2.716060189618606,0.1245591927583919,0.1173305082319728
Montserrat,2000,4954.999923706055,2.0869998931884766,98.91250000000008,0.0,1.08749999999992,0.0
Montserrat,2017,5177.000045776367,9.04800033569336,,,,
Morocco,2000,28849621.09375,53.334999084472656,62.29839842430604,5.982762336902139,29.2743499604116,2.444489278380232
Morocco,2017,35739578.125,61.90800094604492,86.77851266314877,4.191656712027424,6.102993692839477,2.926836931984329
Mozambique,2000,18067687.5,29.097997665405273,19.8965710725225,3.613837996292758,59.94668500747824,16.54290592370649
Mozambique,2017,29668833.984375,35.45500183105469,55.69397561868697,14.97097716589972,16.15436156203745,13.18068565337586
Myanmar,2000,46095460.9375,27.024999618530273,46.2678787017196,19.56000928672079,16.78882084036174,17.38329117119788
Myanmar,2017,53370609.375,30.32200050354004,81.7740485261655,0.0,9.390911967413029,8.83503950642147
Namibia,2000,1899256.958007813,32.37300109863281,76.66938015605008,7.480068790220685,7.042556593643852,8.807994460085382
Namibia,2017,2533793.9453125,49.005001068115234,82.54109887147445,7.130950372996369,3.990857787327816,6.337092968201357
Nauru,2000,10036.99970245361,100.0,95.76962414120584,0.0,4.230375858794162,0.0
Nauru,2017,11359.00020599365,100.0,99.48493441935676,0.0,0.5150655806432383,0.0
Nepal,2000,23740910.15625,13.397000312805176,79.98706606503536,1.336934822911776,15.4888374832946,3.187161628758249
Nepal,2017,29304998.046875,19.336000442504883,88.81224952238074,2.657919148693348,6.567408031063696,1.962423297862213
Netherlands,2000,15926188.4765625,76.79499816894531,100.0000030659015,0.0,0.0,0.0
Netherlands,2017,17035937.5,91.0770034790039,99.9999992834541,0.0,7.16545898172e-07,0.0
New Caledonia,2000,212871.0021972656,61.91899490356445,94.51624681915337,0.0,5.483753180846634,0.0
New Caledonia,2017,276255.0048828125,70.25599670410156,99.3285975888972,0.0,0.6714024111028039,0.0
New Zealand,2000,3858999.0234375,86.02100372314453,100.0000031632636,0.0,0.0,0.0
New Zealand,2017,4705817.87109375,86.46600341796875,100.0,0.0,0.0,0.0
Nicaragua,2000,5026795.8984375,55.185001373291016,81.21710965760316,0.6099651127010969,13.83223437615796,4.34069085353778
Nicaragua,2017,6217581.0546875,58.29899978637695,81.52476353508935,1.531081764434715,13.64097450297745,3.303180197498485
Niger,2000,11352972.65625,16.18600082397461,35.66065190293802,4.966708846132103,57.43416300885951,1.938476242070381
Niger,2017,21477347.65625,16.350000381469727,50.27306506350915,14.87839029980613,31.07298482701433,3.775559809670388
Nigeria,2000,122352007.8125,34.84000015258789,48.15100268146151,8.950464043702592,18.46198310817767,24.43655016665823
Nigeria,2017,190886312.5,49.51900100708008,71.37663070181104,6.567629430565019,14.59751138572643,7.458228481897525
Niue,2000,1899.00004863739,33.069000244140625,99.22893081761003,0.0,0.7710691823899651,0.0
Niue,2017,1618.000030517578,44.05699920654297,98.19874213836476,0.0,1.801257861635236,0.0
North Macedonia,2000,2034818.969726563,58.54800033569336,99.31468464526928,0.0,0.6853153547307205,0.0
North Macedonia,2017,2083159.912109375,57.74799728393555,93.14146284652576,6.256954496496255,0.6015826569779961,0.0
Northern Mariana Islands,2000,69094.00177001953,90.1520004272461,96.84362159518582,0.0,3.156378404814177,0.0
Northern Mariana Islands,2017,55144.00100708008,91.52999877929688,100.0,0.0,0.0,0.0
Norway,2000,4499367.1875,76.0199966430664,99.99999728694486,0.0,2.71305513877e-06,0.0
Norway,2017,5305382.8125,81.87100982666016,100.0000046017532,0.0,0.0,0.0
Oman,2000,2267990.966796875,71.56900024414062,,,,
Oman,2017,4636262.20703125,83.55999755859375,91.93807841889445,8.061920264632203,1.31647334456e-06,0.0
Pakistan,2000,138523281.25,32.981998443603516,85.9966848527735,5.286811343133677,3.52243242352843,5.194071380564393
Pakistan,2017,197015953.125,36.44200134277344,91.4654507329944,0.599529179888479,5.856978021716849,2.078042065400267
Palau,2000,19174.99923706055,70.33799743652344,90.67848719204639,0.0,9.321512807953614,0.0
Palau,2017,21729.00009155273,79.36499786376953,99.99999780552646,0.0,2.194473538e-06,0.0
Panama,2000,3030346.923828125,62.198001861572266,88.22870789634763,0.0,7.144062164841469,4.627229938810904
Panama,2017,4098586.9140625,67.36499786376953,96.3824189477176,1.916516154106021,1.097923855514098,0.6031410426622711
Papua New Guinea,2000,5572222.16796875,13.204000473022461,34.00037819238977,1.411748944186285,26.42505240552135,38.16282045790261
Papua New Guinea,2017,8251162.109375,13.10200023651123,41.32704941657129,1.713711523521102,5.505126396225045,51.45411266368257
Paraguay,2000,5302700.1953125,55.33100128173828,75.35585465304804,0.0132550185067859,21.5920171570592,3.038873171385959
Paraguay,2017,6811296.875,61.29999542236328,99.61019772848785,0.3897986871635333,3.5843486188e-06,0.0
Peru,2000,25914878.90625,73.04199981689453,80.67446038207281,1.062030711808983,11.03129370187306,7.232215204245149
Peru,2017,32165484.375,77.72000122070312,91.12787097098814,1.008393251199533,5.221732799595723,2.642002978216586
Philippines,2000,77991570.3125,46.1349983215332,85.60159186572768,3.500851817364631,7.656528998421051,3.241027318486646
Philippines,2017,104918093.75,46.68199920654297,93.56837603987404,1.857937703470912,4.573686256655056,0.0
Poland,2000,38550496.09375,61.715999603271484,,,,
Poland,2017,38170710.9375,60.10499954223633,99.72468254073458,0.0,0.2753174592654163,0.0
Portugal,2000,10355117.1875,54.39899826049805,98.54303824900367,0.0,1.456961750996323,0.0
Portugal,2017,10329505.859375,64.6520004272461,99.90766020924413,0.0,0.0923397907558723,0.0
Puerto Rico,2000,3796977.05078125,94.38700103759766,97.0601454602591,0.0,2.939854539740907,0.0
Puerto Rico,2017,3663131.103515625,93.58699798583984,97.12479066219161,0.0,2.875209337808386,0.0
Qatar,2000,592267.0288085938,96.31099700927734,100.0,0.0,0.0,0.0
Qatar,2017,2639210.9375,99.0780029296875,99.5681019362621,0.0,0.4318980637379042,0.0
Republic of Korea,2000,47386312.5,79.62100219726562,,,,
Republic of Korea,2017,50982210.9375,81.50299835205078,99.78765499867418,0.0,0.212345001325815,0.0
Republic of Moldova,2000,4201088.8671875,44.5890007019043,83.24639565023861,1.434578660812398,15.31902568894898,0.0
Republic of Moldova,2017,4051211.9140625,42.55699920654297,89.05565265266209,1.493768740314213,9.450578607023708,0.0
Réunion,2000,736710.0219726562,91.16899871826172,99.58552914718446,0.0,0.4144708528155405,0.0
Réunion,2017,876562.01171875,99.50299835205078,100.0,0.0,0.0,0.0
Romania,2000,22128128.90625,53.00400161743164,100.0,0.0,0.0,0.0
Romania,2017,19679306.640625,53.936004638671875,100.0,0.0,0.0,0.0
Russian Federation,2000,146396515.625,73.3499984741211,95.02947959035072,0.609076028346944,3.575144374375513,0.7863000069268212
Russian Federation,2017,143989750.0,74.29199981689453,97.08991120002504,0.6322786604435392,2.277810139531411,
Rwanda,2000,8025703.125,14.925999641418457,45.43856100617482,21.06521362502244,14.36519809157009,19.13102727723264
Rwanda,2017,12208407.2265625,17.125,57.71327853491285,21.75901939926301,14.08420657855076,6.443495487273375
Saint Helena,2000,5113.999843597412,40.3650016784668,,,,
Saint Helena,2017,4048.999786376953,39.69599914550781,99.05000000000001,0.0,0.9499999999999886,0.0
Saint Kitts and Nevis,2000,45374.00054931641,32.77799987792969,98.21339285714288,0.0,1.786607142857122,0.0
Saint Kitts and Nevis,2017,55345.00122070313,30.772998809814453,,,,
Saint Lucia,2000,156949.0051269531,27.774002075195312,88.48083941747716,1.697809832915155,9.821350749607683,0.0
Saint Lucia,2017,178843.994140625,18.61199951171875,98.1620014170546,1.838000715920179,0.0,0.0
Saint Pierre and Miquelon,2000,6271.999835968018,89.14700317382812,,,,
Saint Pierre and Miquelon,2017,6320.000171661377,89.9010009765625,91.4,0.0,8.599999999999994,0.0
Saint Vincent and the Grenadines,2000,107898.0026245117,45.18600082397461,93.15182960653277,0.0,6.848170393467228,
Saint Vincent and the Grenadines,2017,109897.0031738281,51.784000396728516,95.1452199002099,0.0,4.854780099790105,
Samoa,2000,174610.0006103516,21.976999282836914,91.91003896662804,3.201006838255292,4.639953032396628,0.2490011627200472
Samoa,2017,196440.0024414063,18.45199966430664,97.38259524097974,0.6525820571465175,1.656937408894413,0.3078852929793162
San Marino,2000,27417.99926757813,93.44000244140625,100.0,0.0,0.0,0.0
San Marino,2017,33400.00152587891,97.07200622558594,100.0,0.0,0.0,0.0
Sao Tome and Principe,2000,138606.0028076172,53.42400360107422,64.89487781250043,15.03009022499223,9.710018831093155,10.36501313141419
Sao Tome and Principe,2017,204326.9958496094,71.96800231933594,84.29015992946836,12.4673506040584,0.669275282734719,2.573214183738526
Saudi Arabia,2000,20764312.5,79.8479995727539,97.38965601450383,0.0,2.610343985496172,0.0
Saudi Arabia,2017,32938214.84375,83.62200164794922,100.0,0.0,0.0,0.0
Senegal,2000,9884051.7578125,40.31999969482422,59.9197051964712,5.294798923214724,33.08052093657705,1.704974943737025
Senegal,2017,15850567.3828125,46.7400016784668,80.67785386723752,2.594090499431797,16.44725771303692,0.2807979202937609
Serbia,2000,9487615.234375,52.769004821777344,94.74107715216122,4.784389227830424,0.4525824864065737,0.0219511336017747
Serbia,2017,8790574.21875,55.94200134277344,85.52211628744905,13.69735885152552,0.76387496281785,0.0166498982075731
Seychelles,2000,81151.0009765625,50.43299865722656,93.20035162792999,0.0,6.79964837207001,
Seychelles,2017,94736.99951171875,56.26100158691406,96.24901255880162,0.0,0.0,3.750987441198376
Sierra Leone,2000,4564296.875,35.625999450683594,39.88378250895419,5.555145617115485,15.8184830178219,38.74258885610843
Sierra Leone,2017,7557211.9140625,41.63600158691406,60.80698693593886,9.00320546686135,16.48939098042621,13.70041661677356
Singapore,2000,3913959.9609375,100.0,100.0,0.0,0.0,0.0
Singapore,2017,5708844.23828125,100.0,100.0,0.0,0.0,0.0
Sint Maarten (Dutch part),2000,31819.00024414063,100.0,97.84234245757648,0.0,2.157657542423522,0.0
Sint Maarten (Dutch part),2017,40119.99893188477,100.0,95.07411955316786,0.0,4.925880446832139,0.0
Slovakia,2000,5399210.9375,56.233001708984375,97.98089305493858,2.019106945061414,0.0,0.0
Slovakia,2017,5447662.109375,53.750999450683594,99.78773411023883,0.2122658897611714,0.0,0.0
Slovenia,2000,1988499.0234375,50.75400161743164,99.61583769198961,0.0,0.3841623080103886,0.0
Slovenia,2017,2079976.07421875,54.27299880981445,99.53502550536787,0.0,0.4649744946321306,0.0
Solomon Islands,2000,412609.0087890625,15.813000679016113,78.68496676367295,5.064011267305351,10.98140366501885,5.269618304002841
Solomon Islands,2017,611343.017578125,23.285999298095703,67.77595720957548,5.792440894328589,14.87663067641249,11.55497121968344
Somalia,2000,9011478.515625,33.24700164794922,19.60301280508978,6.349070262841012,37.58116296172437,36.46675397034484
Somalia,2017,14742523.4375,44.39099884033203,52.43618906632312,31.40467793156006,13.51673613382197,2.642396868294841
South Africa,2000,45728316.40625,56.8910026550293,84.50126759068739,2.804691062264863,4.374426786791188,8.31961456025656
South Africa,2017,56717156.25,65.8499984741211,92.6787019365247,2.790264635890294,1.834471389979033,2.696562037605962
South Sudan,2000,6700655.76171875,16.503999710083008,,,,
South Sudan,2017,12575713.8671875,19.34600067138672,40.67601215016443,33.66141840436508,16.58439361247805,9.078175832992427
Spain,2000,40903710.9375,76.26200103759766,100.0,0.0,0.0,0.0
Spain,2017,46354320.3125,80.08000183105469,99.9262783083572,0.0,0.0737216916428025,0.0
Sri Lanka,2000,18781937.5,18.3799991607666,79.54815331745367,2.382235569298897,13.31341102485426,4.756200088393176
Sri Lanka,2017,20876917.96875,18.384000778198242,89.41629242583551,3.209650552365567,5.73287510809705,1.64118191370187
Sudan,2000,27250535.15625,32.494998931884766,43.4297774195915,19.00139082890748,29.2892624148692,8.279569336631823
Sudan,2017,40533328.125,34.369998931884766,60.26709116112284,26.68974837869299,3.699996289500552,9.343164170683622
Suriname,2000,472390.0146484375,66.44400024414062,89.56471153114525,0.2150032488615993,2.709039325465358,7.511245894527784
Suriname,2017,563401.9775390625,66.04100036621094,95.4247449667041,1.206924255200047,3.368330778095853,
Sweden,2000,8881639.6484375,84.0260009765625,100.0000013744119,0.0,0.0,0.0
Sweden,2017,9910701.171875,87.14600372314453,100.0000024634042,0.0,0.0,0.0
Switzerland,2000,7167250.0,73.38300323486328,100.0000017031681,0.0,0.0,0.0
Switzerland,2017,8476004.8828125,73.76100158691406,100.0000028803738,0.0,0.0,0.0
Syrian Arab Republic,2000,16410847.65625,51.94699478149414,94.86641622376925,2.15744748094691,2.677820862547219,0.2983154327366176
Syrian Arab Republic,2017,18269867.1875,53.5,97.21650620808374,2.206247765154485,0.5772460267617703,
Tajikistan,2000,6216205.078125,26.500999450683594,55.90600748031802,4.01843902169137,6.247781571684787,33.82777192630584
Tajikistan,2017,8921342.7734375,26.98200035095215,81.1962748015603,2.323528575295668,2.30631338755254,14.17388323559148
Thailand,2000,62958019.53125,31.38599967956543,93.6274836659927,0.230453024940977,5.645336174366185,0.4967271347001399
Thailand,2017,69037515.625,49.20000076293945,99.93071157660187,0.069288423398141,0.0,0.0
Timor-Leste,2000,871606.9946289062,24.26300048828125,,,,
Timor-Leste,2017,1296311.03515625,30.211999893188477,78.34386574381453,2.308418471328725,14.91900147581125,4.428714309045498
Togo,2000,4970367.1875,32.90700149536133,45.88497321019361,3.914500451317928,28.09774740207253,22.10277893641592
Togo,2017,7797693.84765625,41.1619987487793,65.12884018785677,5.775298773584827,15.72135296934823,13.37450806921018
Tokelau,2000,1554.000020027161,0.0,98.53970026839826,0.0,1.460299731601737,0.0
Tokelau,2017,1299.999952316284,0.0,99.62424976938212,0.0,0.3757502306178822,0.0
Tonga,2000,98082.00073242188,23.011999130249023,98.49199932405216,0.0,1.508000675947841,0.0
Tonga,2017,108019.9966430664,23.16900062561035,99.90682774514468,0.0,0.0931722548553226,0.0
Trinidad and Tobago,2000,1267984.008789063,55.904998779296875,91.82782863466672,1.234231248461484,5.730593788089522,1.207346328782279
Trinidad and Tobago,2017,1369125.0,53.20500183105469,98.18496205939445,1.116977239959994,0.6980607006455557,0.0
Tunisia,2000,9699197.265625,63.4319953918457,87.8999688335692,4.045651558457719,7.263594683360329,0.7907849246127613
Tunisia,2017,11532126.953125,68.64199829101562,96.25470363712527,1.963819088810328,1.781477274064398,0.0
Turkey,2000,63240121.09375,64.74099731445312,95.49076414216691,0.0,4.408717852643179,0.1005180051899172
Turkey,2017,80745023.4375,74.64399719238281,98.8757181526111,0.0,0.9973870532728188,0.1268947941160834
Turkmenistan,2000,4516130.859375,45.912994384765625,86.98166548262869,1.663783609141357,1.675680185219061,9.678870723010895
Turkmenistan,2017,5758075.1953125,51.15299987792969,98.81432798412706,1.185672015872926,0.0,0.0
Turks and Caicos Islands,2000,18872.99919128418,84.55000305175781,86.4909090909091,0.0,13.5090909090909,0.0
Turks and Caicos Islands,2017,35445.99914550781,92.81700134277344,94.31818181818176,0.0,5.681818181818244,0.0
Tuvalu,2000,9420.000076293945,46.018001556396484,,,,
Tuvalu,2017,11192.00038909912,61.529998779296875,99.27224000382431,0.0,0.7277599961756943,0.0
Uganda,2000,24039273.4375,14.78600025177002,26.75161623855132,33.53536493742035,25.73581867110524,13.97720015292309
Uganda,2017,42862957.03125,23.195999145507812,49.10403238690486,31.71678642140571,12.46246375663661,6.716717435052818
Ukraine,2000,48840074.21875,67.1449966430664,98.00831635160779,0.0814031700146686,1.901431348275251,0.0088491301023071
Ukraine,2017,44222945.3125,69.24600219726562,93.79082011067342,5.64456704342421,0.2359021296006912,0.328710716301683
United Arab Emirates,2000,3154925.048828125,80.23600006103516,95.67811153573443,3.986587980655609,0.3353004836099558,0.0
United Arab Emirates,2017,9400144.53125,86.24800109863281,98.0455065574262,1.907749152491962,0.0467442900818611,0.0
United Kingdom,2000,58950847.65625,78.6510009765625,100.0000033131415,0.0,0.0,0.0
United Kingdom,2017,66181585.9375,83.14299774169922,100.0000014755804,0.0,0.0,0.0
United Republic of Tanzania,2000,34178042.96875,22.30900001525879,27.25082395313725,7.640619398715996,48.65413005061436,16.4544265975324
United Republic of Tanzania,2017,57310019.53125,33.053001403808594,56.72645031744677,11.43427177869333,17.61040197432495,14.22887592953495
United States Virgin Islands,2000,108722.0001220703,92.58599853515625,98.71835438146789,0.0,1.28164561853211,0.0
United States Virgin Islands,2017,104901.0009765625,95.60299682617188,98.71826737586856,0.0,1.281732624131436,0.0
United States of America,2000,281982781.25,79.05699920654297,,,,
United States of America,2017,324459468.75,82.05799865722656,99.26919207089553,0.0,0.730807929104472,0.0
Uruguay,2000,3321245.1171875,92.02799987792969,96.98759243614612,0.4868602127562786,2.345516682323184,0.1800306687744309
Uruguay,2017,3456750.0,95.23999786376953,99.4023635004942,0.5976395894464529,0.0,0.0
Uzbekistan,2000,24848919.921875,46.125999450683594,84.79889788927916,7.546866055690892,2.678189764150521,4.976046290879391
Uzbekistan,2017,31910640.625,50.54999923706055,97.8334527096866,0.0,0.2244391812391351,1.942108109074264
Vanuatu,2000,185063.0035400391,21.672998428344727,81.85860491989753,0.9717595271909677,11.07482307433223,6.094812478579279
Vanuatu,2017,276243.9880371094,25.163000106811523,91.25680394950284,1.066052992181457,0.0,7.677143058315711
Venezuela (Bolivarian Republic of),2000,24488339.84375,87.55899810791016,96.65285574554518,0.4856927424399231,1.020855159385292,1.840596352629603
Venezuela (Bolivarian Republic of),2017,31977064.453125,88.18299865722656,95.72371131918324,0.4810236749707713,2.417036814070116,1.378228191775875
Viet Nam,2000,80285562.5,24.374000549316406,80.14246784135716,0.9371437941085918,9.464688780927357,9.45569958360689
Viet Nam,2017,95540796.875,35.2130012512207,94.71880560621284,0.0,5.28119439378716,0.0
Wallis and Futuna Islands,2000,14500.0,0.0,99.67364832719095,0.0,0.3263516728090536,0.0
Wallis and Futuna Islands,2017,11772.99976348877,0.0,99.55927642464944,0.0,0.4407235753505603,0.0
West Bank and Gaza Strip,2000,3223009.033203125,71.96900177001953,90.74489832368337,0.4969746572756298,7.548424126766467,1.209702892274531
West Bank and Gaza Strip,2017,4920724.12109375,75.89399719238281,96.82689624416727,0.5034435556329249,2.669660200199802,
Western Sahara,2000,314118.0114746094,85.7750015258789,,,,
Western Sahara,2017,552627.9907226562,86.62200164794922,,,,
Yemen,2000,17874724.609375,26.267000198364258,37.84693938641464,16.37797252258682,40.22098742214489,5.554100668853653
Yemen,2017,28250419.921875,36.01599884033203,63.47347434064476,28.57405994990458,3.759585782150448,4.192879927300216
Zambia,2000,10531220.703125,34.801998138427734,49.48884088905096,3.603802514840861,27.91228570037092,18.99507089573726
Zambia,2017,17094130.859375,42.97600173950195,59.96375650878814,7.504118596150086,23.89299918016947,8.639125714892305
Zimbabwe,2000,12222250.9765625,33.757999420166016,71.72647928397208,7.530520300968592,14.8214389604064,5.921561454652947
Zimbabwe,2017,16529904.296875,32.23699951171875,64.05122970354434,13.19979701896412,15.65012053162138,7.098852745870165
